{
  "version": 1,
  "author": "David Lobo Martínez",
  "editor": "wokwi",
  "parts": [
    { "type": "wokwi-esp32-devkit-v1", "id": "esp", "top": 0, "left": 0, "attrs": {} },
    { "type": "wokwi-dht22", "id": "dht1", "top": -24.9, "left": -115.13, "attrs": {} }
  ],
  "connections": [
    [ "esp:TX0", "$serialMonitor:RX", "", [] ],
    [ "esp:RX0", "$serialMonitor:TX", "", [] ],
    [ "dht1:GND", "esp:GND.2", "black", [ "v0" ] ],
    [ "esp:VIN", "dht1:VCC", "red", [ "h0" ] ],
    [ "dht1:SDA", "esp:D15", "green", [ "v161", "h233.46", "v-112.67", "h-9.33" ] ]
  ],
  "dependencies": {}
}